checkin,checkout,adults,children,infants
Sat Aug 08 2020 00:06:41 GMT-0700 (Pacific Daylight Time),Tue Aug 11 2020 02:28:46 GMT-0700 (Pacific Daylight Time),3,2,1
Sun Aug 09 2020 08:12:56 GMT-0700 (Pacific Daylight Time),Mon Aug 10 2020 17:40:21 GMT-0700 (Pacific Daylight Time),1,4,1
Sat Aug 08 2020 15:08:05 GMT-0700 (Pacific Daylight Time),Thu Aug 13 2020 02:43:10 GMT-0700 (Pacific Daylight Time),1,3,2
Sun Aug 09 2020 07:03:35 GMT-0700 (Pacific Daylight Time),Fri Aug 14 2020 11:06:05 GMT-0700 (Pacific Daylight Time),3,2,2
Sat Aug 08 2020 00:43:51 GMT-0700 (Pacific Daylight Time),Tue Aug 11 2020 03:28:21 GMT-0700 (Pacific Daylight Time),6,2,0
Fri Aug 07 2020 20:27:47 GMT-0700 (Pacific Daylight Time),Tue Aug 11 2020 20:42:17 GMT-0700 (Pacific Daylight Time),2,4,0
Sun Aug 09 2020 08:50:26 GMT-0700 (Pacific Daylight Time),Fri Aug 14 2020 15:38:43 GMT-0700 (Pacific Daylight Time),4,1,1
Sun Aug 09 2020 12:01:34 GMT-0700 (Pacific Daylight Time),Thu Aug 13 2020 09:56:10 GMT-0700 (Pacific Daylight Time),3,4,0
Sun Aug 09 2020 11:25:47 GMT-0700 (Pacific Daylight Time),Fri Aug 14 2020 10:59:32 GMT-0700 (Pacific Daylight Time),6,3,1
Sat Aug 08 2020 17:18:35 GMT-0700 (Pacific Daylight Time),Thu Aug 13 2020 14:49:01 GMT-0700 (Pacific Daylight Time),6,2,2
Sun Aug 09 2020 00:01:38 GMT-0700 (Pacific Daylight Time),Sun Aug 09 2020 18:07:35 GMT-0700 (Pacific Daylight Time),1,1,1
Sun Aug 09 2020 16:00:20 GMT-0700 (Pacific Daylight Time),Wed Aug 12 2020 12:29:08 GMT-0700 (Pacific Daylight Time),4,3,0
Fri Aug 07 2020 22:34:10 GMT-0700 (Pacific Daylight Time),Wed Aug 12 2020 19:30:28 GMT-0700 (Pacific Daylight Time),5,4,1
Sun Aug 09 2020 13:23:03 GMT-0700 (Pacific Daylight Time),Wed Aug 12 2020 19:31:18 GMT-0700 (Pacific Daylight Time),5,4,2
Sat Aug 08 2020 14:06:45 GMT-0700 (Pacific Daylight Time),Fri Aug 14 2020 00:53:03 GMT-0700 (Pacific Daylight Time),3,4,2
Sat Aug 08 2020 10:18:48 GMT-0700 (Pacific Daylight Time),Fri Aug 14 2020 10:14:48 GMT-0700 (Pacific Daylight Time),5,4,1
Sun Aug 09 2020 13:07:27 GMT-0700 (Pacific Daylight Time),Tue Aug 11 2020 23:12:27 GMT-0700 (Pacific Daylight Time),6,3,1
Sat Aug 08 2020 18:38:47 GMT-0700 (Pacific Daylight Time),Tue Aug 11 2020 18:25:52 GMT-0700 (Pacific Daylight Time),1,1,2
Sat Aug 08 2020 15:47:19 GMT-0700 (Pacific Daylight Time),Tue Aug 11 2020 16:31:12 GMT-0700 (Pacific Daylight Time),5,2,1
Sat Aug 08 2020 13:51:25 GMT-0700 (Pacific Daylight Time),Wed Aug 12 2020 06:12:04 GMT-0700 (Pacific Daylight Time),2,1,0
Sun Aug 09 2020 13:57:40 GMT-0700 (Pacific Daylight Time),Mon Aug 10 2020 20:00:51 GMT-0700 (Pacific Daylight Time),6,4,0
Sat Aug 08 2020 15:27:31 GMT-0700 (Pacific Daylight Time),Thu Aug 13 2020 21:40:07 GMT-0700 (Pacific Daylight Time),6,3,1
Sat Aug 08 2020 06:23:52 GMT-0700 (Pacific Daylight Time),Fri Aug 14 2020 11:12:15 GMT-0700 (Pacific Daylight Time),6,4,0
Sat Aug 08 2020 07:44:27 GMT-0700 (Pacific Daylight Time),Fri Aug 14 2020 02:42:51 GMT-0700 (Pacific Daylight Time),5,4,1
Fri Aug 07 2020 17:40:23 GMT-0700 (Pacific Daylight Time),Thu Aug 13 2020 00:33:53 GMT-0700 (Pacific Daylight Time),2,4,0
Sun Aug 09 2020 15:32:09 GMT-0700 (Pacific Daylight Time),Mon Aug 10 2020 20:22:57 GMT-0700 (Pacific Daylight Time),3,4,1
Sat Aug 08 2020 04:38:33 GMT-0700 (Pacific Daylight Time),Thu Aug 13 2020 19:06:05 GMT-0700 (Pacific Daylight Time),5,1,2
Sat Aug 08 2020 07:25:54 GMT-0700 (Pacific Daylight Time),Mon Aug 10 2020 03:07:17 GMT-0700 (Pacific Daylight Time),6,1,2
Fri Aug 07 2020 21:35:57 GMT-0700 (Pacific Daylight Time),Thu Aug 13 2020 17:05:46 GMT-0700 (Pacific Daylight Time),1,3,2
Sat Aug 08 2020 18:26:22 GMT-0700 (Pacific Daylight Time),Tue Aug 11 2020 03:57:58 GMT-0700 (Pacific Daylight Time),5,1,2
Sun Aug 09 2020 04:54:43 GMT-0700 (Pacific Daylight Time),Wed Aug 12 2020 14:40:14 GMT-0700 (Pacific Daylight Time),4,2,0
Sat Aug 08 2020 00:05:29 GMT-0700 (Pacific Daylight Time),Tue Aug 11 2020 00:58:00 GMT-0700 (Pacific Daylight Time),2,4,0
Sat Aug 08 2020 10:02:35 GMT-0700 (Pacific Daylight Time),Thu Aug 13 2020 17:28:08 GMT-0700 (Pacific Daylight Time),4,1,2
Sat Aug 08 2020 14:21:52 GMT-0700 (Pacific Daylight Time),Tue Aug 11 2020 09:16:00 GMT-0700 (Pacific Daylight Time),1,3,2
Fri Aug 07 2020 23:41:23 GMT-0700 (Pacific Daylight Time),Tue Aug 11 2020 04:35:16 GMT-0700 (Pacific Daylight Time),5,3,2
Sat Aug 08 2020 09:44:33 GMT-0700 (Pacific Daylight Time),Mon Aug 10 2020 03:17:44 GMT-0700 (Pacific Daylight Time),6,1,1
Sat Aug 08 2020 12:30:51 GMT-0700 (Pacific Daylight Time),Fri Aug 14 2020 06:43:38 GMT-0700 (Pacific Daylight Time),4,2,2
Sat Aug 08 2020 03:41:31 GMT-0700 (Pacific Daylight Time),Thu Aug 13 2020 06:04:32 GMT-0700 (Pacific Daylight Time),5,1,1
Sun Aug 09 2020 06:02:11 GMT-0700 (Pacific Daylight Time),Wed Aug 12 2020 16:31:21 GMT-0700 (Pacific Daylight Time),1,4,0
Sat Aug 08 2020 05:37:47 GMT-0700 (Pacific Daylight Time),Sun Aug 09 2020 17:38:34 GMT-0700 (Pacific Daylight Time),1,2,2
Sat Aug 08 2020 02:03:47 GMT-0700 (Pacific Daylight Time),Mon Aug 10 2020 19:27:43 GMT-0700 (Pacific Daylight Time),3,1,2
Sun Aug 09 2020 02:11:35 GMT-0700 (Pacific Daylight Time),Wed Aug 12 2020 18:52:25 GMT-0700 (Pacific Daylight Time),1,1,0
Sat Aug 08 2020 17:13:03 GMT-0700 (Pacific Daylight Time),Mon Aug 10 2020 01:50:24 GMT-0700 (Pacific Daylight Time),4,3,1
Sun Aug 09 2020 15:11:32 GMT-0700 (Pacific Daylight Time),Thu Aug 13 2020 03:13:02 GMT-0700 (Pacific Daylight Time),6,2,1
Sun Aug 09 2020 07:41:06 GMT-0700 (Pacific Daylight Time),Wed Aug 12 2020 17:59:08 GMT-0700 (Pacific Daylight Time),5,4,2
Sun Aug 09 2020 14:15:21 GMT-0700 (Pacific Daylight Time),Tue Aug 11 2020 06:52:25 GMT-0700 (Pacific Daylight Time),1,2,0
Sun Aug 09 2020 09:29:36 GMT-0700 (Pacific Daylight Time),Wed Aug 12 2020 03:56:09 GMT-0700 (Pacific Daylight Time),3,2,1
Sat Aug 08 2020 01:50:39 GMT-0700 (Pacific Daylight Time),Sun Aug 09 2020 19:37:52 GMT-0700 (Pacific Daylight Time),6,4,1
Sat Aug 08 2020 04:04:48 GMT-0700 (Pacific Daylight Time),Fri Aug 14 2020 05:46:47 GMT-0700 (Pacific Daylight Time),3,1,2
Sat Aug 08 2020 11:24:35 GMT-0700 (Pacific Daylight Time),Mon Aug 10 2020 08:53:39 GMT-0700 (Pacific Daylight Time),6,3,1
Sat Aug 08 2020 18:08:25 GMT-0700 (Pacific Daylight Time),Tue Aug 11 2020 21:43:44 GMT-0700 (Pacific Daylight Time),3,4,1
Sun Aug 09 2020 00:51:57 GMT-0700 (Pacific Daylight Time),Thu Aug 13 2020 06:49:50 GMT-0700 (Pacific Daylight Time),1,4,1
Sat Aug 08 2020 20:08:45 GMT-0700 (Pacific Daylight Time),Thu Aug 13 2020 07:53:44 GMT-0700 (Pacific Daylight Time),6,3,2
Sun Aug 09 2020 13:35:06 GMT-0700 (Pacific Daylight Time),Fri Aug 14 2020 14:04:20 GMT-0700 (Pacific Daylight Time),2,2,1
Sun Aug 09 2020 07:07:20 GMT-0700 (Pacific Daylight Time),Mon Aug 10 2020 20:55:49 GMT-0700 (Pacific Daylight Time),3,2,1
Sat Aug 08 2020 16:40:16 GMT-0700 (Pacific Daylight Time),Thu Aug 13 2020 08:09:43 GMT-0700 (Pacific Daylight Time),3,4,0
Fri Aug 07 2020 22:10:02 GMT-0700 (Pacific Daylight Time),Thu Aug 13 2020 00:01:23 GMT-0700 (Pacific Daylight Time),5,4,1
Sun Aug 09 2020 03:07:38 GMT-0700 (Pacific Daylight Time),Tue Aug 11 2020 15:53:38 GMT-0700 (Pacific Daylight Time),4,3,0
Sat Aug 08 2020 11:14:31 GMT-0700 (Pacific Daylight Time),Tue Aug 11 2020 11:09:34 GMT-0700 (Pacific Daylight Time),1,4,2
Sat Aug 08 2020 18:47:06 GMT-0700 (Pacific Daylight Time),Fri Aug 14 2020 02:50:58 GMT-0700 (Pacific Daylight Time),3,2,0
Sun Aug 09 2020 07:30:17 GMT-0700 (Pacific Daylight Time),Wed Aug 12 2020 01:50:19 GMT-0700 (Pacific Daylight Time),6,1,0
Sun Aug 09 2020 00:06:35 GMT-0700 (Pacific Daylight Time),Fri Aug 14 2020 14:23:17 GMT-0700 (Pacific Daylight Time),4,2,0
Sat Aug 08 2020 02:49:24 GMT-0700 (Pacific Daylight Time),Wed Aug 12 2020 17:33:50 GMT-0700 (Pacific Daylight Time),2,4,0
Fri Aug 07 2020 18:51:09 GMT-0700 (Pacific Daylight Time),Tue Aug 11 2020 16:56:14 GMT-0700 (Pacific Daylight Time),5,3,2
Fri Aug 07 2020 20:34:46 GMT-0700 (Pacific Daylight Time),Wed Aug 12 2020 04:41:46 GMT-0700 (Pacific Daylight Time),3,3,2
Sun Aug 09 2020 07:57:23 GMT-0700 (Pacific Daylight Time),Thu Aug 13 2020 00:11:43 GMT-0700 (Pacific Daylight Time),5,1,1
Sun Aug 09 2020 16:21:51 GMT-0700 (Pacific Daylight Time),Thu Aug 13 2020 07:21:27 GMT-0700 (Pacific Daylight Time),3,1,0
Sat Aug 08 2020 06:28:33 GMT-0700 (Pacific Daylight Time),Wed Aug 12 2020 16:55:03 GMT-0700 (Pacific Daylight Time),3,4,0
Sat Aug 08 2020 11:20:56 GMT-0700 (Pacific Daylight Time),Wed Aug 12 2020 06:37:41 GMT-0700 (Pacific Daylight Time),2,1,1
Sat Aug 08 2020 11:47:11 GMT-0700 (Pacific Daylight Time),Fri Aug 14 2020 02:14:47 GMT-0700 (Pacific Daylight Time),1,4,1
Sun Aug 09 2020 08:21:15 GMT-0700 (Pacific Daylight Time),Thu Aug 13 2020 16:35:36 GMT-0700 (Pacific Daylight Time),6,1,0
Sun Aug 09 2020 00:03:44 GMT-0700 (Pacific Daylight Time),Sun Aug 09 2020 19:10:41 GMT-0700 (Pacific Daylight Time),6,1,0
Sun Aug 09 2020 07:16:46 GMT-0700 (Pacific Daylight Time),Mon Aug 10 2020 20:32:12 GMT-0700 (Pacific Daylight Time),4,3,1
Fri Aug 07 2020 23:27:02 GMT-0700 (Pacific Daylight Time),Wed Aug 12 2020 03:14:52 GMT-0700 (Pacific Daylight Time),1,3,1
Sat Aug 08 2020 03:38:47 GMT-0700 (Pacific Daylight Time),Fri Aug 14 2020 13:13:57 GMT-0700 (Pacific Daylight Time),5,3,1
Sat Aug 08 2020 22:58:13 GMT-0700 (Pacific Daylight Time),Wed Aug 12 2020 02:16:03 GMT-0700 (Pacific Daylight Time),5,2,1
Fri Aug 07 2020 23:36:38 GMT-0700 (Pacific Daylight Time),Fri Aug 14 2020 13:25:05 GMT-0700 (Pacific Daylight Time),1,4,1
Sun Aug 09 2020 00:33:30 GMT-0700 (Pacific Daylight Time),Thu Aug 13 2020 10:42:31 GMT-0700 (Pacific Daylight Time),4,3,1
Sat Aug 08 2020 06:42:04 GMT-0700 (Pacific Daylight Time),Tue Aug 11 2020 21:07:37 GMT-0700 (Pacific Daylight Time),1,1,2
Fri Aug 07 2020 17:51:34 GMT-0700 (Pacific Daylight Time),Fri Aug 14 2020 16:57:52 GMT-0700 (Pacific Daylight Time),5,1,2
Sat Aug 08 2020 02:43:58 GMT-0700 (Pacific Daylight Time),Wed Aug 12 2020 17:00:42 GMT-0700 (Pacific Daylight Time),5,1,1
Sun Aug 09 2020 08:06:49 GMT-0700 (Pacific Daylight Time),Thu Aug 13 2020 06:51:43 GMT-0700 (Pacific Daylight Time),3,2,2
Sat Aug 08 2020 11:30:00 GMT-0700 (Pacific Daylight Time),Wed Aug 12 2020 18:33:26 GMT-0700 (Pacific Daylight Time),5,4,1
Sun Aug 09 2020 16:31:15 GMT-0700 (Pacific Daylight Time),Sun Aug 09 2020 23:18:06 GMT-0700 (Pacific Daylight Time),5,4,0
Sat Aug 08 2020 10:33:50 GMT-0700 (Pacific Daylight Time),Thu Aug 13 2020 05:49:16 GMT-0700 (Pacific Daylight Time),4,1,0
Fri Aug 07 2020 21:59:52 GMT-0700 (Pacific Daylight Time),Mon Aug 10 2020 21:52:59 GMT-0700 (Pacific Daylight Time),3,2,2
Sat Aug 08 2020 02:59:52 GMT-0700 (Pacific Daylight Time),Thu Aug 13 2020 06:33:03 GMT-0700 (Pacific Daylight Time),6,4,2
Sat Aug 08 2020 17:42:22 GMT-0700 (Pacific Daylight Time),Fri Aug 14 2020 04:12:32 GMT-0700 (Pacific Daylight Time),3,2,1
Sat Aug 08 2020 17:31:01 GMT-0700 (Pacific Daylight Time),Wed Aug 12 2020 19:40:39 GMT-0700 (Pacific Daylight Time),5,1,2
Sat Aug 08 2020 07:42:46 GMT-0700 (Pacific Daylight Time),Wed Aug 12 2020 15:59:12 GMT-0700 (Pacific Daylight Time),5,4,1
Sat Aug 08 2020 00:00:02 GMT-0700 (Pacific Daylight Time),Tue Aug 11 2020 06:18:54 GMT-0700 (Pacific Daylight Time),3,3,1
Sat Aug 08 2020 16:17:24 GMT-0700 (Pacific Daylight Time),Thu Aug 13 2020 13:41:17 GMT-0700 (Pacific Daylight Time),4,4,1
Sat Aug 08 2020 22:26:55 GMT-0700 (Pacific Daylight Time),Tue Aug 11 2020 01:35:55 GMT-0700 (Pacific Daylight Time),1,2,1
Sat Aug 08 2020 21:27:41 GMT-0700 (Pacific Daylight Time),Fri Aug 14 2020 16:07:13 GMT-0700 (Pacific Daylight Time),1,2,2
Sat Aug 08 2020 19:59:28 GMT-0700 (Pacific Daylight Time),Sun Aug 09 2020 23:19:37 GMT-0700 (Pacific Daylight Time),1,3,2
Sun Aug 09 2020 10:58:33 GMT-0700 (Pacific Daylight Time),Tue Aug 11 2020 01:18:31 GMT-0700 (Pacific Daylight Time),2,3,2
Sat Aug 08 2020 10:52:07 GMT-0700 (Pacific Daylight Time),Wed Aug 12 2020 14:05:18 GMT-0700 (Pacific Daylight Time),6,3,1
Sun Aug 09 2020 01:57:09 GMT-0700 (Pacific Daylight Time),Fri Aug 14 2020 01:02:22 GMT-0700 (Pacific Daylight Time),3,4,0
Sat Aug 08 2020 05:20:09 GMT-0700 (Pacific Daylight Time),Wed Aug 12 2020 17:01:30 GMT-0700 (Pacific Daylight Time),4,2,2
Sat Aug 08 2020 06:16:58 GMT-0700 (Pacific Daylight Time),Wed Aug 12 2020 05:02:17 GMT-0700 (Pacific Daylight Time),3,2,2
Sun Aug 09 2020 15:55:51 GMT-0700 (Pacific Daylight Time),Thu Aug 13 2020 03:48:27 GMT-0700 (Pacific Daylight Time),5,4,1
Sun Aug 09 2020 01:48:13 GMT-0700 (Pacific Daylight Time),Mon Aug 10 2020 03:49:38 GMT-0700 (Pacific Daylight Time),1,3,2
Fri Aug 07 2020 22:22:17 GMT-0700 (Pacific Daylight Time),Thu Aug 13 2020 18:52:22 GMT-0700 (Pacific Daylight Time),3,2,0
Sat Aug 08 2020 05:25:31 GMT-0700 (Pacific Daylight Time),Mon Aug 10 2020 06:27:32 GMT-0700 (Pacific Daylight Time),1,2,1
Sat Aug 08 2020 21:41:49 GMT-0700 (Pacific Daylight Time),Tue Aug 11 2020 19:59:15 GMT-0700 (Pacific Daylight Time),1,3,2
Sun Aug 09 2020 13:34:01 GMT-0700 (Pacific Daylight Time),Thu Aug 13 2020 03:51:26 GMT-0700 (Pacific Daylight Time),2,4,0
Sun Aug 09 2020 07:35:37 GMT-0700 (Pacific Daylight Time),Thu Aug 13 2020 01:59:31 GMT-0700 (Pacific Daylight Time),3,1,1
Sun Aug 09 2020 11:49:48 GMT-0700 (Pacific Daylight Time),Wed Aug 12 2020 01:44:45 GMT-0700 (Pacific Daylight Time),6,1,2
Sun Aug 09 2020 13:10:06 GMT-0700 (Pacific Daylight Time),Tue Aug 11 2020 00:29:26 GMT-0700 (Pacific Daylight Time),6,3,2
Fri Aug 07 2020 21:35:22 GMT-0700 (Pacific Daylight Time),Tue Aug 11 2020 13:40:33 GMT-0700 (Pacific Daylight Time),3,2,1
Fri Aug 07 2020 19:30:58 GMT-0700 (Pacific Daylight Time),Thu Aug 13 2020 01:29:34 GMT-0700 (Pacific Daylight Time),2,4,1
Sat Aug 08 2020 15:25:58 GMT-0700 (Pacific Daylight Time),Sun Aug 09 2020 22:13:48 GMT-0700 (Pacific Daylight Time),6,4,0
Fri Aug 07 2020 21:53:43 GMT-0700 (Pacific Daylight Time),Fri Aug 14 2020 14:08:33 GMT-0700 (Pacific Daylight Time),1,2,0
Sun Aug 09 2020 16:58:37 GMT-0700 (Pacific Daylight Time),Wed Aug 12 2020 16:11:02 GMT-0700 (Pacific Daylight Time),4,4,1
Sat Aug 08 2020 00:03:43 GMT-0700 (Pacific Daylight Time),Mon Aug 10 2020 02:19:29 GMT-0700 (Pacific Daylight Time),2,2,2
Sun Aug 09 2020 15:46:52 GMT-0700 (Pacific Daylight Time),Wed Aug 12 2020 15:00:22 GMT-0700 (Pacific Daylight Time),2,4,1
Sat Aug 08 2020 11:41:06 GMT-0700 (Pacific Daylight Time),Wed Aug 12 2020 14:30:55 GMT-0700 (Pacific Daylight Time),6,3,1
Fri Aug 07 2020 22:56:12 GMT-0700 (Pacific Daylight Time),Thu Aug 13 2020 04:37:04 GMT-0700 (Pacific Daylight Time),1,2,0
Sun Aug 09 2020 08:45:04 GMT-0700 (Pacific Daylight Time),Wed Aug 12 2020 08:10:47 GMT-0700 (Pacific Daylight Time),6,1,1
Sat Aug 08 2020 01:52:22 GMT-0700 (Pacific Daylight Time),Thu Aug 13 2020 23:50:41 GMT-0700 (Pacific Daylight Time),1,2,0
Sat Aug 08 2020 02:32:35 GMT-0700 (Pacific Daylight Time),Tue Aug 11 2020 21:44:56 GMT-0700 (Pacific Daylight Time),6,2,2
Sat Aug 08 2020 14:33:49 GMT-0700 (Pacific Daylight Time),Tue Aug 11 2020 05:23:33 GMT-0700 (Pacific Daylight Time),3,4,2
Fri Aug 07 2020 18:48:58 GMT-0700 (Pacific Daylight Time),Sun Aug 09 2020 21:16:14 GMT-0700 (Pacific Daylight Time),5,3,2
Fri Aug 07 2020 22:50:37 GMT-0700 (Pacific Daylight Time),Tue Aug 11 2020 19:30:19 GMT-0700 (Pacific Daylight Time),1,3,0
Sun Aug 09 2020 09:33:53 GMT-0700 (Pacific Daylight Time),Sun Aug 09 2020 19:36:58 GMT-0700 (Pacific Daylight Time),3,2,2
Sun Aug 09 2020 02:56:20 GMT-0700 (Pacific Daylight Time),Wed Aug 12 2020 03:27:57 GMT-0700 (Pacific Daylight Time),1,2,2
Sun Aug 09 2020 07:33:22 GMT-0700 (Pacific Daylight Time),Thu Aug 13 2020 18:42:18 GMT-0700 (Pacific Daylight Time),5,3,0
Sat Aug 08 2020 00:29:43 GMT-0700 (Pacific Daylight Time),Thu Aug 13 2020 00:40:35 GMT-0700 (Pacific Daylight Time),3,2,0
Sat Aug 08 2020 17:07:19 GMT-0700 (Pacific Daylight Time),Wed Aug 12 2020 17:22:54 GMT-0700 (Pacific Daylight Time),1,2,0
Fri Aug 07 2020 20:53:46 GMT-0700 (Pacific Daylight Time),Wed Aug 12 2020 07:27:09 GMT-0700 (Pacific Daylight Time),4,1,1
Sun Aug 09 2020 02:00:20 GMT-0700 (Pacific Daylight Time),Wed Aug 12 2020 04:45:24 GMT-0700 (Pacific Daylight Time),1,1,2
Sun Aug 09 2020 16:07:24 GMT-0700 (Pacific Daylight Time),Mon Aug 10 2020 04:50:22 GMT-0700 (Pacific Daylight Time),2,4,2
Sat Aug 08 2020 03:28:23 GMT-0700 (Pacific Daylight Time),Thu Aug 13 2020 14:29:34 GMT-0700 (Pacific Daylight Time),5,3,0
Sat Aug 08 2020 02:27:02 GMT-0700 (Pacific Daylight Time),Tue Aug 11 2020 18:25:39 GMT-0700 (Pacific Daylight Time),3,3,2
Sat Aug 08 2020 06:39:28 GMT-0700 (Pacific Daylight Time),Thu Aug 13 2020 09:01:23 GMT-0700 (Pacific Daylight Time),2,1,0
Sun Aug 09 2020 14:48:16 GMT-0700 (Pacific Daylight Time),Mon Aug 10 2020 11:04:57 GMT-0700 (Pacific Daylight Time),4,4,1
Sun Aug 09 2020 07:32:28 GMT-0700 (Pacific Daylight Time),Tue Aug 11 2020 08:29:43 GMT-0700 (Pacific Daylight Time),1,2,2
Sat Aug 08 2020 04:01:49 GMT-0700 (Pacific Daylight Time),Wed Aug 12 2020 00:31:45 GMT-0700 (Pacific Daylight Time),3,1,2
Sun Aug 09 2020 02:27:58 GMT-0700 (Pacific Daylight Time),Thu Aug 13 2020 05:10:18 GMT-0700 (Pacific Daylight Time),3,2,1
Sat Aug 08 2020 15:37:16 GMT-0700 (Pacific Daylight Time),Wed Aug 12 2020 15:05:51 GMT-0700 (Pacific Daylight Time),1,3,1
Sat Aug 08 2020 06:11:51 GMT-0700 (Pacific Daylight Time),Tue Aug 11 2020 11:04:22 GMT-0700 (Pacific Daylight Time),4,2,2
Sat Aug 08 2020 08:19:01 GMT-0700 (Pacific Daylight Time),Sun Aug 09 2020 18:36:28 GMT-0700 (Pacific Daylight Time),4,1,0
Fri Aug 07 2020 21:03:52 GMT-0700 (Pacific Daylight Time),Mon Aug 10 2020 09:46:31 GMT-0700 (Pacific Daylight Time),6,4,0
Sat Aug 08 2020 01:21:36 GMT-0700 (Pacific Daylight Time),Wed Aug 12 2020 20:21:04 GMT-0700 (Pacific Daylight Time),1,3,2
Sat Aug 08 2020 12:35:46 GMT-0700 (Pacific Daylight Time),Thu Aug 13 2020 02:10:48 GMT-0700 (Pacific Daylight Time),3,2,0
Fri Aug 07 2020 19:58:35 GMT-0700 (Pacific Daylight Time),Wed Aug 12 2020 06:08:40 GMT-0700 (Pacific Daylight Time),4,3,1
Sat Aug 08 2020 17:12:44 GMT-0700 (Pacific Daylight Time),Wed Aug 12 2020 09:10:58 GMT-0700 (Pacific Daylight Time),6,1,2
Sun Aug 09 2020 11:38:00 GMT-0700 (Pacific Daylight Time),Fri Aug 14 2020 01:17:50 GMT-0700 (Pacific Daylight Time),2,3,2
Sat Aug 08 2020 22:43:11 GMT-0700 (Pacific Daylight Time),Tue Aug 11 2020 06:52:34 GMT-0700 (Pacific Daylight Time),4,3,2
Sat Aug 08 2020 20:49:47 GMT-0700 (Pacific Daylight Time),Thu Aug 13 2020 03:27:47 GMT-0700 (Pacific Daylight Time),4,3,0
Sun Aug 09 2020 06:41:58 GMT-0700 (Pacific Daylight Time),Mon Aug 10 2020 20:42:21 GMT-0700 (Pacific Daylight Time),4,1,0
Fri Aug 07 2020 19:06:00 GMT-0700 (Pacific Daylight Time),Wed Aug 12 2020 15:15:24 GMT-0700 (Pacific Daylight Time),2,4,1
Fri Aug 07 2020 18:56:24 GMT-0700 (Pacific Daylight Time),Tue Aug 11 2020 10:19:31 GMT-0700 (Pacific Daylight Time),5,4,2
Sat Aug 08 2020 16:17:43 GMT-0700 (Pacific Daylight Time),Fri Aug 14 2020 12:10:07 GMT-0700 (Pacific Daylight Time),2,1,2
Sat Aug 08 2020 06:11:51 GMT-0700 (Pacific Daylight Time),Wed Aug 12 2020 14:41:31 GMT-0700 (Pacific Daylight Time),4,4,0
Sun Aug 09 2020 01:08:32 GMT-0700 (Pacific Daylight Time),Fri Aug 14 2020 11:23:45 GMT-0700 (Pacific Daylight Time),2,4,1
Fri Aug 07 2020 22:00:11 GMT-0700 (Pacific Daylight Time),Thu Aug 13 2020 20:44:44 GMT-0700 (Pacific Daylight Time),5,1,0
Sun Aug 09 2020 05:55:30 GMT-0700 (Pacific Daylight Time),Tue Aug 11 2020 04:59:10 GMT-0700 (Pacific Daylight Time),1,3,1
Sat Aug 08 2020 21:20:54 GMT-0700 (Pacific Daylight Time),Fri Aug 14 2020 03:30:35 GMT-0700 (Pacific Daylight Time),4,3,2
Sun Aug 09 2020 08:57:56 GMT-0700 (Pacific Daylight Time),Wed Aug 12 2020 22:39:04 GMT-0700 (Pacific Daylight Time),5,3,0
Sun Aug 09 2020 01:19:47 GMT-0700 (Pacific Daylight Time),Mon Aug 10 2020 03:11:50 GMT-0700 (Pacific Daylight Time),4,2,0
Sat Aug 08 2020 14:08:22 GMT-0700 (Pacific Daylight Time),Thu Aug 13 2020 23:06:58 GMT-0700 (Pacific Daylight Time),5,2,0
Fri Aug 07 2020 20:14:59 GMT-0700 (Pacific Daylight Time),Mon Aug 10 2020 14:46:29 GMT-0700 (Pacific Daylight Time),6,4,2
Sun Aug 09 2020 16:19:29 GMT-0700 (Pacific Daylight Time),Tue Aug 11 2020 02:54:39 GMT-0700 (Pacific Daylight Time),5,4,2
Fri Aug 07 2020 21:31:26 GMT-0700 (Pacific Daylight Time),Mon Aug 10 2020 15:48:29 GMT-0700 (Pacific Daylight Time),4,3,2
Sun Aug 09 2020 04:42:03 GMT-0700 (Pacific Daylight Time),Fri Aug 14 2020 10:22:13 GMT-0700 (Pacific Daylight Time),1,2,1
Sat Aug 08 2020 14:25:02 GMT-0700 (Pacific Daylight Time),Tue Aug 11 2020 21:18:57 GMT-0700 (Pacific Daylight Time),3,1,0
Sat Aug 08 2020 23:58:36 GMT-0700 (Pacific Daylight Time),Wed Aug 12 2020 01:30:06 GMT-0700 (Pacific Daylight Time),6,1,0
Sat Aug 08 2020 22:38:18 GMT-0700 (Pacific Daylight Time),Fri Aug 14 2020 08:16:28 GMT-0700 (Pacific Daylight Time),4,2,0
Sun Aug 09 2020 10:59:46 GMT-0700 (Pacific Daylight Time),Tue Aug 11 2020 00:14:36 GMT-0700 (Pacific Daylight Time),1,3,2
Sun Aug 09 2020 07:36:49 GMT-0700 (Pacific Daylight Time),Mon Aug 10 2020 12:14:40 GMT-0700 (Pacific Daylight Time),4,4,0
Fri Aug 07 2020 18:53:17 GMT-0700 (Pacific Daylight Time),Fri Aug 14 2020 06:55:54 GMT-0700 (Pacific Daylight Time),2,3,2
Fri Aug 07 2020 17:55:45 GMT-0700 (Pacific Daylight Time),Tue Aug 11 2020 04:02:30 GMT-0700 (Pacific Daylight Time),5,4,2
Sun Aug 09 2020 14:01:48 GMT-0700 (Pacific Daylight Time),Wed Aug 12 2020 09:46:13 GMT-0700 (Pacific Daylight Time),3,3,2
Fri Aug 07 2020 20:54:43 GMT-0700 (Pacific Daylight Time),Thu Aug 13 2020 01:02:41 GMT-0700 (Pacific Daylight Time),4,4,2
Sat Aug 08 2020 22:17:05 GMT-0700 (Pacific Daylight Time),Mon Aug 10 2020 04:42:15 GMT-0700 (Pacific Daylight Time),4,1,2
Sat Aug 08 2020 05:05:09 GMT-0700 (Pacific Daylight Time),Sun Aug 09 2020 18:29:13 GMT-0700 (Pacific Daylight Time),5,4,2
Sat Aug 08 2020 12:31:53 GMT-0700 (Pacific Daylight Time),Mon Aug 10 2020 15:11:28 GMT-0700 (Pacific Daylight Time),5,1,1
Sat Aug 08 2020 15:31:38 GMT-0700 (Pacific Daylight Time),Thu Aug 13 2020 20:55:37 GMT-0700 (Pacific Daylight Time),2,3,2
Sat Aug 08 2020 03:29:34 GMT-0700 (Pacific Daylight Time),Wed Aug 12 2020 04:23:17 GMT-0700 (Pacific Daylight Time),4,3,2
Sun Aug 09 2020 03:24:38 GMT-0700 (Pacific Daylight Time),Wed Aug 12 2020 23:29:40 GMT-0700 (Pacific Daylight Time),1,2,2
Sun Aug 09 2020 10:54:28 GMT-0700 (Pacific Daylight Time),Mon Aug 10 2020 10:14:56 GMT-0700 (Pacific Daylight Time),2,2,1
Sat Aug 08 2020 20:41:54 GMT-0700 (Pacific Daylight Time),Thu Aug 13 2020 22:12:45 GMT-0700 (Pacific Daylight Time),4,3,2
Sat Aug 08 2020 09:14:45 GMT-0700 (Pacific Daylight Time),Tue Aug 11 2020 12:49:56 GMT-0700 (Pacific Daylight Time),1,1,2
Sat Aug 08 2020 21:42:57 GMT-0700 (Pacific Daylight Time),Fri Aug 14 2020 12:34:56 GMT-0700 (Pacific Daylight Time),1,2,1
Sat Aug 08 2020 02:42:27 GMT-0700 (Pacific Daylight Time),Tue Aug 11 2020 20:25:25 GMT-0700 (Pacific Daylight Time),5,4,0
Sun Aug 09 2020 07:19:03 GMT-0700 (Pacific Daylight Time),Thu Aug 13 2020 14:08:58 GMT-0700 (Pacific Daylight Time),6,1,0
Sat Aug 08 2020 16:25:15 GMT-0700 (Pacific Daylight Time),Wed Aug 12 2020 11:43:59 GMT-0700 (Pacific Daylight Time),2,4,1
Sun Aug 09 2020 05:42:29 GMT-0700 (Pacific Daylight Time),Wed Aug 12 2020 22:26:19 GMT-0700 (Pacific Daylight Time),5,4,2
Fri Aug 07 2020 22:29:27 GMT-0700 (Pacific Daylight Time),Wed Aug 12 2020 04:25:05 GMT-0700 (Pacific Daylight Time),3,4,0
Sun Aug 09 2020 01:03:57 GMT-0700 (Pacific Daylight Time),Sun Aug 09 2020 21:34:03 GMT-0700 (Pacific Daylight Time),2,2,0
Sat Aug 08 2020 03:55:57 GMT-0700 (Pacific Daylight Time),Tue Aug 11 2020 16:39:35 GMT-0700 (Pacific Daylight Time),3,3,2
Sat Aug 08 2020 05:17:36 GMT-0700 (Pacific Daylight Time),Wed Aug 12 2020 10:40:51 GMT-0700 (Pacific Daylight Time),2,3,0
Sun Aug 09 2020 15:13:35 GMT-0700 (Pacific Daylight Time),Tue Aug 11 2020 11:11:10 GMT-0700 (Pacific Daylight Time),2,2,0
Sat Aug 08 2020 12:16:51 GMT-0700 (Pacific Daylight Time),Mon Aug 10 2020 15:56:04 GMT-0700 (Pacific Daylight Time),4,1,2
Sat Aug 08 2020 05:43:41 GMT-0700 (Pacific Daylight Time),Thu Aug 13 2020 08:53:02 GMT-0700 (Pacific Daylight Time),5,3,0
Sat Aug 08 2020 00:57:30 GMT-0700 (Pacific Daylight Time),Fri Aug 14 2020 16:57:32 GMT-0700 (Pacific Daylight Time),3,2,0
Sun Aug 09 2020 09:11:41 GMT-0700 (Pacific Daylight Time),Mon Aug 10 2020 23:52:07 GMT-0700 (Pacific Daylight Time),3,4,0
Sun Aug 09 2020 00:58:12 GMT-0700 (Pacific Daylight Time),Mon Aug 10 2020 04:50:49 GMT-0700 (Pacific Daylight Time),3,2,1
Sun Aug 09 2020 02:14:54 GMT-0700 (Pacific Daylight Time),Tue Aug 11 2020 21:15:21 GMT-0700 (Pacific Daylight Time),4,3,0
Sun Aug 09 2020 16:40:24 GMT-0700 (Pacific Daylight Time),Wed Aug 12 2020 10:07:52 GMT-0700 (Pacific Daylight Time),1,2,1
Sun Aug 09 2020 00:56:29 GMT-0700 (Pacific Daylight Time),Fri Aug 14 2020 12:51:33 GMT-0700 (Pacific Daylight Time),4,2,2
Fri Aug 07 2020 22:09:08 GMT-0700 (Pacific Daylight Time),Wed Aug 12 2020 20:29:45 GMT-0700 (Pacific Daylight Time),4,2,0
Sun Aug 09 2020 11:26:51 GMT-0700 (Pacific Daylight Time),Tue Aug 11 2020 19:42:39 GMT-0700 (Pacific Daylight Time),4,3,2
Sat Aug 08 2020 03:06:27 GMT-0700 (Pacific Daylight Time),Wed Aug 12 2020 22:40:40 GMT-0700 (Pacific Daylight Time),1,4,2
Sun Aug 09 2020 12:12:04 GMT-0700 (Pacific Daylight Time),Tue Aug 11 2020 12:34:46 GMT-0700 (Pacific Daylight Time),3,1,2
Sat Aug 08 2020 20:55:09 GMT-0700 (Pacific Daylight Time),Fri Aug 14 2020 08:07:22 GMT-0700 (Pacific Daylight Time),1,4,0
Sat Aug 08 2020 01:44:03 GMT-0700 (Pacific Daylight Time),Tue Aug 11 2020 10:16:00 GMT-0700 (Pacific Daylight Time),5,4,1
Sun Aug 09 2020 16:51:08 GMT-0700 (Pacific Daylight Time),Mon Aug 10 2020 07:34:54 GMT-0700 (Pacific Daylight Time),2,3,0
Sat Aug 08 2020 15:41:37 GMT-0700 (Pacific Daylight Time),Tue Aug 11 2020 03:22:59 GMT-0700 (Pacific Daylight Time),6,3,1
Sun Aug 09 2020 15:59:02 GMT-0700 (Pacific Daylight Time),Fri Aug 14 2020 13:14:54 GMT-0700 (Pacific Daylight Time),3,4,2
Sat Aug 08 2020 20:56:33 GMT-0700 (Pacific Daylight Time),Thu Aug 13 2020 21:02:03 GMT-0700 (Pacific Daylight Time),2,1,1
Fri Aug 07 2020 19:47:56 GMT-0700 (Pacific Daylight Time),Thu Aug 13 2020 03:25:14 GMT-0700 (Pacific Daylight Time),3,1,0
Fri Aug 07 2020 23:09:14 GMT-0700 (Pacific Daylight Time),Wed Aug 12 2020 17:01:48 GMT-0700 (Pacific Daylight Time),2,3,1
Fri Aug 07 2020 22:45:34 GMT-0700 (Pacific Daylight Time),Tue Aug 11 2020 10:56:25 GMT-0700 (Pacific Daylight Time),5,4,2
Fri Aug 07 2020 22:50:35 GMT-0700 (Pacific Daylight Time),Tue Aug 11 2020 21:53:49 GMT-0700 (Pacific Daylight Time),1,3,2
Sat Aug 08 2020 04:24:33 GMT-0700 (Pacific Daylight Time),Thu Aug 13 2020 21:27:03 GMT-0700 (Pacific Daylight Time),1,3,1
Sat Aug 08 2020 21:03:31 GMT-0700 (Pacific Daylight Time),Wed Aug 12 2020 00:10:38 GMT-0700 (Pacific Daylight Time),6,3,1
Sat Aug 08 2020 11:28:36 GMT-0700 (Pacific Daylight Time),Thu Aug 13 2020 07:26:40 GMT-0700 (Pacific Daylight Time),4,3,0
Fri Aug 07 2020 18:23:37 GMT-0700 (Pacific Daylight Time),Thu Aug 13 2020 17:20:04 GMT-0700 (Pacific Daylight Time),4,1,2
Sun Aug 09 2020 11:03:25 GMT-0700 (Pacific Daylight Time),Mon Aug 10 2020 23:37:50 GMT-0700 (Pacific Daylight Time),3,1,1
Fri Aug 07 2020 18:34:13 GMT-0700 (Pacific Daylight Time),Thu Aug 13 2020 11:02:47 GMT-0700 (Pacific Daylight Time),1,4,0
Fri Aug 07 2020 21:01:38 GMT-0700 (Pacific Daylight Time),Wed Aug 12 2020 16:25:40 GMT-0700 (Pacific Daylight Time),2,1,1
Sat Aug 08 2020 02:10:38 GMT-0700 (Pacific Daylight Time),Wed Aug 12 2020 20:50:50 GMT-0700 (Pacific Daylight Time),6,3,1
Sat Aug 08 2020 08:51:42 GMT-0700 (Pacific Daylight Time),Wed Aug 12 2020 09:20:14 GMT-0700 (Pacific Daylight Time),3,1,1
Sun Aug 09 2020 14:57:56 GMT-0700 (Pacific Daylight Time),Tue Aug 11 2020 21:29:20 GMT-0700 (Pacific Daylight Time),6,1,2
Sun Aug 09 2020 12:26:17 GMT-0700 (Pacific Daylight Time),Mon Aug 10 2020 10:37:21 GMT-0700 (Pacific Daylight Time),2,2,1
Sat Aug 08 2020 15:33:28 GMT-0700 (Pacific Daylight Time),Fri Aug 14 2020 13:08:07 GMT-0700 (Pacific Daylight Time),6,4,0
Fri Aug 07 2020 20:41:13 GMT-0700 (Pacific Daylight Time),Fri Aug 14 2020 05:31:11 GMT-0700 (Pacific Daylight Time),3,1,2
Sun Aug 09 2020 04:22:24 GMT-0700 (Pacific Daylight Time),Mon Aug 10 2020 02:21:55 GMT-0700 (Pacific Daylight Time),2,4,2
Sat Aug 08 2020 14:33:02 GMT-0700 (Pacific Daylight Time),Mon Aug 10 2020 06:59:11 GMT-0700 (Pacific Daylight Time),6,2,1
Sun Aug 09 2020 09:49:11 GMT-0700 (Pacific Daylight Time),Wed Aug 12 2020 10:32:00 GMT-0700 (Pacific Daylight Time),5,4,0
Sat Aug 08 2020 13:55:24 GMT-0700 (Pacific Daylight Time),Tue Aug 11 2020 08:07:11 GMT-0700 (Pacific Daylight Time),3,2,0
Sat Aug 08 2020 06:52:41 GMT-0700 (Pacific Daylight Time),Mon Aug 10 2020 21:28:31 GMT-0700 (Pacific Daylight Time),5,2,0
Sat Aug 08 2020 11:18:57 GMT-0700 (Pacific Daylight Time),Tue Aug 11 2020 00:21:32 GMT-0700 (Pacific Daylight Time),6,3,0
Sun Aug 09 2020 04:10:42 GMT-0700 (Pacific Daylight Time),Tue Aug 11 2020 18:56:08 GMT-0700 (Pacific Daylight Time),5,2,0
Fri Aug 07 2020 20:40:39 GMT-0700 (Pacific Daylight Time),Fri Aug 14 2020 07:02:56 GMT-0700 (Pacific Daylight Time),1,1,0
Sat Aug 08 2020 11:06:19 GMT-0700 (Pacific Daylight Time),Thu Aug 13 2020 05:28:23 GMT-0700 (Pacific Daylight Time),2,4,2
Fri Aug 07 2020 20:37:10 GMT-0700 (Pacific Daylight Time),Wed Aug 12 2020 04:46:34 GMT-0700 (Pacific Daylight Time),6,4,1
Sun Aug 09 2020 16:32:02 GMT-0700 (Pacific Daylight Time),Wed Aug 12 2020 21:25:55 GMT-0700 (Pacific Daylight Time),4,3,1
Sat Aug 08 2020 02:31:16 GMT-0700 (Pacific Daylight Time),Wed Aug 12 2020 16:10:58 GMT-0700 (Pacific Daylight Time),6,1,2
Fri Aug 07 2020 20:45:21 GMT-0700 (Pacific Daylight Time),Mon Aug 10 2020 23:21:19 GMT-0700 (Pacific Daylight Time),6,1,2
Sat Aug 08 2020 20:37:56 GMT-0700 (Pacific Daylight Time),Wed Aug 12 2020 11:32:18 GMT-0700 (Pacific Daylight Time),6,3,0
Sat Aug 08 2020 15:56:57 GMT-0700 (Pacific Daylight Time),Thu Aug 13 2020 21:59:50 GMT-0700 (Pacific Daylight Time),3,1,2
Sat Aug 08 2020 18:31:21 GMT-0700 (Pacific Daylight Time),Wed Aug 12 2020 03:56:37 GMT-0700 (Pacific Daylight Time),6,3,0
Sun Aug 09 2020 03:17:29 GMT-0700 (Pacific Daylight Time),Wed Aug 12 2020 11:29:22 GMT-0700 (Pacific Daylight Time),1,4,1
Sun Aug 09 2020 12:50:50 GMT-0700 (Pacific Daylight Time),Wed Aug 12 2020 07:18:03 GMT-0700 (Pacific Daylight Time),2,3,2
Sun Aug 09 2020 10:16:07 GMT-0700 (Pacific Daylight Time),Thu Aug 13 2020 19:45:01 GMT-0700 (Pacific Daylight Time),5,2,0
Fri Aug 07 2020 21:56:39 GMT-0700 (Pacific Daylight Time),Tue Aug 11 2020 07:07:14 GMT-0700 (Pacific Daylight Time),4,2,0
Sat Aug 08 2020 03:02:15 GMT-0700 (Pacific Daylight Time),Tue Aug 11 2020 08:51:27 GMT-0700 (Pacific Daylight Time),6,4,1
Sun Aug 09 2020 08:41:04 GMT-0700 (Pacific Daylight Time),Thu Aug 13 2020 20:31:59 GMT-0700 (Pacific Daylight Time),1,3,2
Sat Aug 08 2020 07:06:29 GMT-0700 (Pacific Daylight Time),Mon Aug 10 2020 04:05:26 GMT-0700 (Pacific Daylight Time),6,4,1
Sun Aug 09 2020 05:26:25 GMT-0700 (Pacific Daylight Time),Mon Aug 10 2020 06:53:52 GMT-0700 (Pacific Daylight Time),3,3,2
Sun Aug 09 2020 09:26:51 GMT-0700 (Pacific Daylight Time),Mon Aug 10 2020 02:17:12 GMT-0700 (Pacific Daylight Time),4,2,0
Sat Aug 08 2020 04:49:54 GMT-0700 (Pacific Daylight Time),Fri Aug 14 2020 07:20:15 GMT-0700 (Pacific Daylight Time),6,1,1
Sat Aug 08 2020 00:24:50 GMT-0700 (Pacific Daylight Time),Wed Aug 12 2020 20:09:11 GMT-0700 (Pacific Daylight Time),3,3,0
Sun Aug 09 2020 15:23:04 GMT-0700 (Pacific Daylight Time),Mon Aug 10 2020 23:05:27 GMT-0700 (Pacific Daylight Time),3,3,0
Fri Aug 07 2020 17:30:39 GMT-0700 (Pacific Daylight Time),Mon Aug 10 2020 14:05:51 GMT-0700 (Pacific Daylight Time),6,4,0
Sat Aug 08 2020 16:31:56 GMT-0700 (Pacific Daylight Time),Mon Aug 10 2020 04:00:20 GMT-0700 (Pacific Daylight Time),5,1,1
Sun Aug 09 2020 02:22:00 GMT-0700 (Pacific Daylight Time),Wed Aug 12 2020 00:09:20 GMT-0700 (Pacific Daylight Time),4,1,0
Sat Aug 08 2020 15:21:36 GMT-0700 (Pacific Daylight Time),Mon Aug 10 2020 00:56:05 GMT-0700 (Pacific Daylight Time),5,1,0
Fri Aug 07 2020 22:43:59 GMT-0700 (Pacific Daylight Time),Mon Aug 10 2020 15:25:55 GMT-0700 (Pacific Daylight Time),5,2,0
Sun Aug 09 2020 10:09:07 GMT-0700 (Pacific Daylight Time),Mon Aug 10 2020 00:43:11 GMT-0700 (Pacific Daylight Time),5,1,2
Sun Aug 09 2020 00:48:31 GMT-0700 (Pacific Daylight Time),Wed Aug 12 2020 14:12:58 GMT-0700 (Pacific Daylight Time),6,3,2
Sun Aug 09 2020 16:09:36 GMT-0700 (Pacific Daylight Time),Tue Aug 11 2020 17:56:40 GMT-0700 (Pacific Daylight Time),4,2,2
Sun Aug 09 2020 02:08:49 GMT-0700 (Pacific Daylight Time),Tue Aug 11 2020 13:27:24 GMT-0700 (Pacific Daylight Time),1,4,0
Sat Aug 08 2020 01:50:46 GMT-0700 (Pacific Daylight Time),Mon Aug 10 2020 08:03:33 GMT-0700 (Pacific Daylight Time),2,2,0
Sat Aug 08 2020 09:36:53 GMT-0700 (Pacific Daylight Time),Mon Aug 10 2020 00:50:16 GMT-0700 (Pacific Daylight Time),2,1,1
Fri Aug 07 2020 22:33:04 GMT-0700 (Pacific Daylight Time),Sun Aug 09 2020 20:18:18 GMT-0700 (Pacific Daylight Time),4,1,1
Sun Aug 09 2020 06:28:52 GMT-0700 (Pacific Daylight Time),Wed Aug 12 2020 20:13:02 GMT-0700 (Pacific Daylight Time),1,3,0
Sun Aug 09 2020 06:24:31 GMT-0700 (Pacific Daylight Time),Thu Aug 13 2020 18:06:28 GMT-0700 (Pacific Daylight Time),3,4,0
Sun Aug 09 2020 01:14:38 GMT-0700 (Pacific Daylight Time),Wed Aug 12 2020 02:15:46 GMT-0700 (Pacific Daylight Time),3,1,2
Sat Aug 08 2020 00:58:57 GMT-0700 (Pacific Daylight Time),Wed Aug 12 2020 23:53:24 GMT-0700 (Pacific Daylight Time),3,3,0
Sat Aug 08 2020 09:07:20 GMT-0700 (Pacific Daylight Time),Tue Aug 11 2020 08:11:28 GMT-0700 (Pacific Daylight Time),2,3,2
Sat Aug 08 2020 02:48:23 GMT-0700 (Pacific Daylight Time),Thu Aug 13 2020 14:36:45 GMT-0700 (Pacific Daylight Time),2,3,2
Sun Aug 09 2020 01:14:48 GMT-0700 (Pacific Daylight Time),Fri Aug 14 2020 03:54:33 GMT-0700 (Pacific Daylight Time),2,1,0
Sun Aug 09 2020 12:45:23 GMT-0700 (Pacific Daylight Time),Fri Aug 14 2020 16:08:30 GMT-0700 (Pacific Daylight Time),6,1,2
Sat Aug 08 2020 23:16:15 GMT-0700 (Pacific Daylight Time),Thu Aug 13 2020 15:16:48 GMT-0700 (Pacific Daylight Time),5,1,0
Sat Aug 08 2020 06:32:06 GMT-0700 (Pacific Daylight Time),Tue Aug 11 2020 11:45:05 GMT-0700 (Pacific Daylight Time),2,3,0
Sat Aug 08 2020 12:17:12 GMT-0700 (Pacific Daylight Time),Mon Aug 10 2020 16:16:52 GMT-0700 (Pacific Daylight Time),4,1,2
Sat Aug 08 2020 05:39:38 GMT-0700 (Pacific Daylight Time),Fri Aug 14 2020 04:25:08 GMT-0700 (Pacific Daylight Time),2,1,0
Sun Aug 09 2020 01:22:48 GMT-0700 (Pacific Daylight Time),Tue Aug 11 2020 17:33:41 GMT-0700 (Pacific Daylight Time),6,3,2
Sat Aug 08 2020 06:17:25 GMT-0700 (Pacific Daylight Time),Fri Aug 14 2020 06:38:31 GMT-0700 (Pacific Daylight Time),1,4,1
Sun Aug 09 2020 02:09:49 GMT-0700 (Pacific Daylight Time),Mon Aug 10 2020 01:05:54 GMT-0700 (Pacific Daylight Time),3,3,0
Sat Aug 08 2020 18:05:49 GMT-0700 (Pacific Daylight Time),Mon Aug 10 2020 10:37:14 GMT-0700 (Pacific Daylight Time),3,2,2
Sat Aug 08 2020 05:42:51 GMT-0700 (Pacific Daylight Time),Fri Aug 14 2020 07:01:03 GMT-0700 (Pacific Daylight Time),5,4,2
Sun Aug 09 2020 15:08:27 GMT-0700 (Pacific Daylight Time),Mon Aug 10 2020 04:10:56 GMT-0700 (Pacific Daylight Time),5,1,2
Sat Aug 08 2020 09:10:12 GMT-0700 (Pacific Daylight Time),Thu Aug 13 2020 15:29:01 GMT-0700 (Pacific Daylight Time),5,4,0
Sat Aug 08 2020 18:36:11 GMT-0700 (Pacific Daylight Time),Wed Aug 12 2020 03:06:52 GMT-0700 (Pacific Daylight Time),2,2,2
Sat Aug 08 2020 20:40:26 GMT-0700 (Pacific Daylight Time),Thu Aug 13 2020 16:59:21 GMT-0700 (Pacific Daylight Time),3,3,1
Sat Aug 08 2020 12:42:38 GMT-0700 (Pacific Daylight Time),Mon Aug 10 2020 20:02:05 GMT-0700 (Pacific Daylight Time),2,4,2
Sun Aug 09 2020 13:46:28 GMT-0700 (Pacific Daylight Time),Mon Aug 10 2020 05:14:38 GMT-0700 (Pacific Daylight Time),2,3,1
Sat Aug 08 2020 19:55:26 GMT-0700 (Pacific Daylight Time),Tue Aug 11 2020 04:56:59 GMT-0700 (Pacific Daylight Time),3,2,0
Sat Aug 08 2020 15:48:11 GMT-0700 (Pacific Daylight Time),Mon Aug 10 2020 11:35:10 GMT-0700 (Pacific Daylight Time),3,4,1
Fri Aug 07 2020 23:43:59 GMT-0700 (Pacific Daylight Time),Mon Aug 10 2020 13:39:44 GMT-0700 (Pacific Daylight Time),5,1,1
Sat Aug 08 2020 14:19:46 GMT-0700 (Pacific Daylight Time),Fri Aug 14 2020 13:31:41 GMT-0700 (Pacific Daylight Time),2,1,1
Sun Aug 09 2020 02:49:35 GMT-0700 (Pacific Daylight Time),Mon Aug 10 2020 10:15:28 GMT-0700 (Pacific Daylight Time),4,4,1
Sat Aug 08 2020 02:14:23 GMT-0700 (Pacific Daylight Time),Mon Aug 10 2020 10:41:24 GMT-0700 (Pacific Daylight Time),2,2,1
Fri Aug 07 2020 20:19:25 GMT-0700 (Pacific Daylight Time),Tue Aug 11 2020 20:41:32 GMT-0700 (Pacific Daylight Time),5,2,1
Sat Aug 08 2020 07:00:06 GMT-0700 (Pacific Daylight Time),Thu Aug 13 2020 20:03:20 GMT-0700 (Pacific Daylight Time),1,4,1
Sat Aug 08 2020 08:42:42 GMT-0700 (Pacific Daylight Time),Fri Aug 14 2020 00:14:52 GMT-0700 (Pacific Daylight Time),2,4,2
Sat Aug 08 2020 11:43:57 GMT-0700 (Pacific Daylight Time),Sun Aug 09 2020 17:34:06 GMT-0700 (Pacific Daylight Time),6,3,2
Sun Aug 09 2020 12:03:28 GMT-0700 (Pacific Daylight Time),Thu Aug 13 2020 09:32:56 GMT-0700 (Pacific Daylight Time),2,1,0
Sat Aug 08 2020 19:28:12 GMT-0700 (Pacific Daylight Time),Tue Aug 11 2020 11:13:35 GMT-0700 (Pacific Daylight Time),1,1,2
Sun Aug 09 2020 01:11:37 GMT-0700 (Pacific Daylight Time),Tue Aug 11 2020 10:23:39 GMT-0700 (Pacific Daylight Time),4,4,1
Sat Aug 08 2020 04:45:23 GMT-0700 (Pacific Daylight Time),Thu Aug 13 2020 23:45:16 GMT-0700 (Pacific Daylight Time),6,4,2
Sat Aug 08 2020 14:29:24 GMT-0700 (Pacific Daylight Time),Fri Aug 14 2020 10:01:36 GMT-0700 (Pacific Daylight Time),1,1,2
Fri Aug 07 2020 23:47:55 GMT-0700 (Pacific Daylight Time),Wed Aug 12 2020 11:33:35 GMT-0700 (Pacific Daylight Time),5,3,0
Fri Aug 07 2020 22:53:41 GMT-0700 (Pacific Daylight Time),Thu Aug 13 2020 01:49:03 GMT-0700 (Pacific Daylight Time),5,4,2
Sat Aug 08 2020 20:55:31 GMT-0700 (Pacific Daylight Time),Mon Aug 10 2020 13:58:16 GMT-0700 (Pacific Daylight Time),6,4,2
Fri Aug 07 2020 18:30:29 GMT-0700 (Pacific Daylight Time),Tue Aug 11 2020 06:33:20 GMT-0700 (Pacific Daylight Time),1,2,1
Sun Aug 09 2020 10:09:51 GMT-0700 (Pacific Daylight Time),Sun Aug 09 2020 20:35:31 GMT-0700 (Pacific Daylight Time),3,4,0
Sun Aug 09 2020 06:13:34 GMT-0700 (Pacific Daylight Time),Thu Aug 13 2020 20:17:50 GMT-0700 (Pacific Daylight Time),6,3,0
Sat Aug 08 2020 23:10:21 GMT-0700 (Pacific Daylight Time),Mon Aug 10 2020 00:49:09 GMT-0700 (Pacific Daylight Time),2,2,2
Sat Aug 08 2020 14:41:52 GMT-0700 (Pacific Daylight Time),Tue Aug 11 2020 16:33:46 GMT-0700 (Pacific Daylight Time),3,2,1
Sat Aug 08 2020 08:53:29 GMT-0700 (Pacific Daylight Time),Wed Aug 12 2020 02:18:05 GMT-0700 (Pacific Daylight Time),1,4,1
Sat Aug 08 2020 00:54:36 GMT-0700 (Pacific Daylight Time),Thu Aug 13 2020 11:48:12 GMT-0700 (Pacific Daylight Time),2,2,0
Sat Aug 08 2020 23:45:21 GMT-0700 (Pacific Daylight Time),Tue Aug 11 2020 16:23:00 GMT-0700 (Pacific Daylight Time),1,1,2
Sat Aug 08 2020 20:41:44 GMT-0700 (Pacific Daylight Time),Tue Aug 11 2020 12:56:14 GMT-0700 (Pacific Daylight Time),3,4,2
Sun Aug 09 2020 14:09:26 GMT-0700 (Pacific Daylight Time),Fri Aug 14 2020 09:18:24 GMT-0700 (Pacific Daylight Time),1,3,2
Sat Aug 08 2020 15:37:50 GMT-0700 (Pacific Daylight Time),Wed Aug 12 2020 23:48:58 GMT-0700 (Pacific Daylight Time),4,2,0
Sat Aug 08 2020 12:33:58 GMT-0700 (Pacific Daylight Time),Mon Aug 10 2020 12:03:18 GMT-0700 (Pacific Daylight Time),1,4,1
Sun Aug 09 2020 10:57:40 GMT-0700 (Pacific Daylight Time),Fri Aug 14 2020 11:57:17 GMT-0700 (Pacific Daylight Time),4,2,1
Sun Aug 09 2020 05:08:33 GMT-0700 (Pacific Daylight Time),Sun Aug 09 2020 23:31:08 GMT-0700 (Pacific Daylight Time),2,2,0
Sun Aug 09 2020 10:35:24 GMT-0700 (Pacific Daylight Time),Fri Aug 14 2020 09:51:16 GMT-0700 (Pacific Daylight Time),3,2,0
Fri Aug 07 2020 22:33:36 GMT-0700 (Pacific Daylight Time),Tue Aug 11 2020 11:29:56 GMT-0700 (Pacific Daylight Time),3,3,1
Sat Aug 08 2020 16:46:21 GMT-0700 (Pacific Daylight Time),Thu Aug 13 2020 22:33:25 GMT-0700 (Pacific Daylight Time),3,1,1
Sat Aug 08 2020 17:48:20 GMT-0700 (Pacific Daylight Time),Mon Aug 10 2020 03:23:14 GMT-0700 (Pacific Daylight Time),5,3,2
Sat Aug 08 2020 21:06:47 GMT-0700 (Pacific Daylight Time),Fri Aug 14 2020 15:06:14 GMT-0700 (Pacific Daylight Time),1,2,1
Sun Aug 09 2020 11:08:15 GMT-0700 (Pacific Daylight Time),Tue Aug 11 2020 11:39:49 GMT-0700 (Pacific Daylight Time),4,2,2
Sat Aug 08 2020 14:15:44 GMT-0700 (Pacific Daylight Time),Mon Aug 10 2020 00:48:27 GMT-0700 (Pacific Daylight Time),1,3,1
Sun Aug 09 2020 13:54:33 GMT-0700 (Pacific Daylight Time),Fri Aug 14 2020 14:16:40 GMT-0700 (Pacific Daylight Time),5,1,2
Sat Aug 08 2020 16:48:55 GMT-0700 (Pacific Daylight Time),Sun Aug 09 2020 17:41:28 GMT-0700 (Pacific Daylight Time),2,1,1
Sat Aug 08 2020 20:46:23 GMT-0700 (Pacific Daylight Time),Mon Aug 10 2020 05:16:12 GMT-0700 (Pacific Daylight Time),5,4,2
Sun Aug 09 2020 09:34:27 GMT-0700 (Pacific Daylight Time),Thu Aug 13 2020 15:09:33 GMT-0700 (Pacific Daylight Time),5,1,1
Sun Aug 09 2020 09:26:30 GMT-0700 (Pacific Daylight Time),Wed Aug 12 2020 09:12:50 GMT-0700 (Pacific Daylight Time),2,1,0
Sat Aug 08 2020 09:12:12 GMT-0700 (Pacific Daylight Time),Wed Aug 12 2020 04:18:07 GMT-0700 (Pacific Daylight Time),6,2,0
Sat Aug 08 2020 15:13:39 GMT-0700 (Pacific Daylight Time),Mon Aug 10 2020 11:54:21 GMT-0700 (Pacific Daylight Time),1,2,1
Sun Aug 09 2020 09:25:43 GMT-0700 (Pacific Daylight Time),Tue Aug 11 2020 08:58:09 GMT-0700 (Pacific Daylight Time),6,3,1
Sun Aug 09 2020 13:57:29 GMT-0700 (Pacific Daylight Time),Tue Aug 11 2020 12:23:25 GMT-0700 (Pacific Daylight Time),5,3,1
Sat Aug 08 2020 05:58:28 GMT-0700 (Pacific Daylight Time),Wed Aug 12 2020 11:40:29 GMT-0700 (Pacific Daylight Time),1,3,1
Sun Aug 09 2020 05:16:20 GMT-0700 (Pacific Daylight Time),Fri Aug 14 2020 06:29:21 GMT-0700 (Pacific Daylight Time),1,1,2
Sun Aug 09 2020 14:05:14 GMT-0700 (Pacific Daylight Time),Wed Aug 12 2020 03:45:51 GMT-0700 (Pacific Daylight Time),3,2,1
Sat Aug 08 2020 09:23:44 GMT-0700 (Pacific Daylight Time),Tue Aug 11 2020 14:29:41 GMT-0700 (Pacific Daylight Time),6,2,0
Sun Aug 09 2020 07:50:18 GMT-0700 (Pacific Daylight Time),Fri Aug 14 2020 14:24:53 GMT-0700 (Pacific Daylight Time),4,1,0
Sun Aug 09 2020 08:02:53 GMT-0700 (Pacific Daylight Time),Mon Aug 10 2020 20:14:50 GMT-0700 (Pacific Daylight Time),3,3,1
Sat Aug 08 2020 19:36:46 GMT-0700 (Pacific Daylight Time),Sun Aug 09 2020 22:13:24 GMT-0700 (Pacific Daylight Time),1,3,0
Sun Aug 09 2020 10:25:49 GMT-0700 (Pacific Daylight Time),Thu Aug 13 2020 07:05:44 GMT-0700 (Pacific Daylight Time),2,2,2
Sat Aug 08 2020 23:35:20 GMT-0700 (Pacific Daylight Time),Wed Aug 12 2020 04:30:42 GMT-0700 (Pacific Daylight Time),6,1,2
Sun Aug 09 2020 16:38:07 GMT-0700 (Pacific Daylight Time),Wed Aug 12 2020 01:48:57 GMT-0700 (Pacific Daylight Time),2,1,1
Sat Aug 08 2020 22:19:05 GMT-0700 (Pacific Daylight Time),Fri Aug 14 2020 03:47:03 GMT-0700 (Pacific Daylight Time),6,2,0
Sun Aug 09 2020 11:41:36 GMT-0700 (Pacific Daylight Time),Tue Aug 11 2020 01:09:19 GMT-0700 (Pacific Daylight Time),5,4,2
Sun Aug 09 2020 09:12:12 GMT-0700 (Pacific Daylight Time),Wed Aug 12 2020 02:04:41 GMT-0700 (Pacific Daylight Time),1,4,2
Sun Aug 09 2020 12:12:04 GMT-0700 (Pacific Daylight Time),Tue Aug 11 2020 18:44:48 GMT-0700 (Pacific Daylight Time),6,2,2
Fri Aug 07 2020 23:49:46 GMT-0700 (Pacific Daylight Time),Tue Aug 11 2020 14:32:00 GMT-0700 (Pacific Daylight Time),2,2,0
Sun Aug 09 2020 04:17:37 GMT-0700 (Pacific Daylight Time),Thu Aug 13 2020 19:38:57 GMT-0700 (Pacific Daylight Time),1,4,0
Sun Aug 09 2020 00:17:55 GMT-0700 (Pacific Daylight Time),Tue Aug 11 2020 19:53:48 GMT-0700 (Pacific Daylight Time),6,3,0
Sat Aug 08 2020 18:26:55 GMT-0700 (Pacific Daylight Time),Fri Aug 14 2020 06:38:23 GMT-0700 (Pacific Daylight Time),2,4,0
Sun Aug 09 2020 01:37:50 GMT-0700 (Pacific Daylight Time),Sun Aug 09 2020 20:39:23 GMT-0700 (Pacific Daylight Time),6,3,2
Sat Aug 08 2020 17:18:33 GMT-0700 (Pacific Daylight Time),Mon Aug 10 2020 15:00:59 GMT-0700 (Pacific Daylight Time),2,2,2
Sun Aug 09 2020 14:51:53 GMT-0700 (Pacific Daylight Time),Mon Aug 10 2020 13:17:33 GMT-0700 (Pacific Daylight Time),5,1,0
Sun Aug 09 2020 03:25:39 GMT-0700 (Pacific Daylight Time),Wed Aug 12 2020 00:47:35 GMT-0700 (Pacific Daylight Time),4,2,2
Sat Aug 08 2020 06:15:55 GMT-0700 (Pacific Daylight Time),Thu Aug 13 2020 02:36:29 GMT-0700 (Pacific Daylight Time),4,4,2
Sat Aug 08 2020 04:50:58 GMT-0700 (Pacific Daylight Time),Tue Aug 11 2020 08:40:28 GMT-0700 (Pacific Daylight Time),4,4,1
Sun Aug 09 2020 00:48:41 GMT-0700 (Pacific Daylight Time),Thu Aug 13 2020 19:42:55 GMT-0700 (Pacific Daylight Time),6,2,2
Sun Aug 09 2020 03:28:38 GMT-0700 (Pacific Daylight Time),Mon Aug 10 2020 08:07:49 GMT-0700 (Pacific Daylight Time),6,1,1
Fri Aug 07 2020 23:23:42 GMT-0700 (Pacific Daylight Time),Thu Aug 13 2020 00:17:25 GMT-0700 (Pacific Daylight Time),3,4,0
Sat Aug 08 2020 01:17:25 GMT-0700 (Pacific Daylight Time),Tue Aug 11 2020 17:33:19 GMT-0700 (Pacific Daylight Time),1,4,0
Fri Aug 07 2020 19:49:21 GMT-0700 (Pacific Daylight Time),Thu Aug 13 2020 21:29:26 GMT-0700 (Pacific Daylight Time),2,2,1
Sat Aug 08 2020 13:09:32 GMT-0700 (Pacific Daylight Time),Wed Aug 12 2020 16:59:00 GMT-0700 (Pacific Daylight Time),6,1,1
Sat Aug 08 2020 10:33:23 GMT-0700 (Pacific Daylight Time),Thu Aug 13 2020 22:48:17 GMT-0700 (Pacific Daylight Time),3,4,2
Sun Aug 09 2020 01:53:10 GMT-0700 (Pacific Daylight Time),Tue Aug 11 2020 03:27:25 GMT-0700 (Pacific Daylight Time),5,2,2
Sat Aug 08 2020 22:36:56 GMT-0700 (Pacific Daylight Time),Mon Aug 10 2020 13:59:11 GMT-0700 (Pacific Daylight Time),2,3,1
Sun Aug 09 2020 14:22:39 GMT-0700 (Pacific Daylight Time),Tue Aug 11 2020 14:52:26 GMT-0700 (Pacific Daylight Time),1,4,1
Sat Aug 08 2020 23:55:43 GMT-0700 (Pacific Daylight Time),Thu Aug 13 2020 23:00:41 GMT-0700 (Pacific Daylight Time),6,4,2
Fri Aug 07 2020 19:14:46 GMT-0700 (Pacific Daylight Time),Wed Aug 12 2020 06:10:34 GMT-0700 (Pacific Daylight Time),2,2,1
Sat Aug 08 2020 17:20:20 GMT-0700 (Pacific Daylight Time),Thu Aug 13 2020 17:02:23 GMT-0700 (Pacific Daylight Time),2,1,0
Sat Aug 08 2020 12:25:50 GMT-0700 (Pacific Daylight Time),Fri Aug 14 2020 04:14:44 GMT-0700 (Pacific Daylight Time),5,2,0
Sun Aug 09 2020 05:47:24 GMT-0700 (Pacific Daylight Time),Fri Aug 14 2020 08:57:37 GMT-0700 (Pacific Daylight Time),3,4,2
Sun Aug 09 2020 16:44:10 GMT-0700 (Pacific Daylight Time),Thu Aug 13 2020 23:27:51 GMT-0700 (Pacific Daylight Time),5,2,1
Sat Aug 08 2020 01:04:51 GMT-0700 (Pacific Daylight Time),Tue Aug 11 2020 12:13:18 GMT-0700 (Pacific Daylight Time),1,1,0
Sun Aug 09 2020 15:09:17 GMT-0700 (Pacific Daylight Time),Wed Aug 12 2020 12:00:45 GMT-0700 (Pacific Daylight Time),5,3,2
Fri Aug 07 2020 21:45:07 GMT-0700 (Pacific Daylight Time),Thu Aug 13 2020 10:45:54 GMT-0700 (Pacific Daylight Time),6,1,1
Sat Aug 08 2020 04:41:46 GMT-0700 (Pacific Daylight Time),Tue Aug 11 2020 12:47:06 GMT-0700 (Pacific Daylight Time),3,1,0
Sat Aug 08 2020 07:10:19 GMT-0700 (Pacific Daylight Time),Wed Aug 12 2020 02:24:07 GMT-0700 (Pacific Daylight Time),1,2,2
Sat Aug 08 2020 02:58:30 GMT-0700 (Pacific Daylight Time),Fri Aug 14 2020 02:43:39 GMT-0700 (Pacific Daylight Time),3,1,2
Sat Aug 08 2020 00:07:16 GMT-0700 (Pacific Daylight Time),Wed Aug 12 2020 05:10:19 GMT-0700 (Pacific Daylight Time),6,3,1
Sun Aug 09 2020 09:05:19 GMT-0700 (Pacific Daylight Time),Wed Aug 12 2020 07:34:17 GMT-0700 (Pacific Daylight Time),5,1,2
Sun Aug 09 2020 09:32:42 GMT-0700 (Pacific Daylight Time),Wed Aug 12 2020 08:15:51 GMT-0700 (Pacific Daylight Time),4,1,0
Sat Aug 08 2020 09:45:52 GMT-0700 (Pacific Daylight Time),Thu Aug 13 2020 06:40:28 GMT-0700 (Pacific Daylight Time),3,4,2
Sat Aug 08 2020 16:38:38 GMT-0700 (Pacific Daylight Time),Wed Aug 12 2020 23:53:36 GMT-0700 (Pacific Daylight Time),1,3,0
Sat Aug 08 2020 08:29:22 GMT-0700 (Pacific Daylight Time),Mon Aug 10 2020 02:15:43 GMT-0700 (Pacific Daylight Time),2,3,1
Sat Aug 08 2020 13:50:40 GMT-0700 (Pacific Daylight Time),Thu Aug 13 2020 19:34:46 GMT-0700 (Pacific Daylight Time),3,4,0
Sat Aug 08 2020 07:06:04 GMT-0700 (Pacific Daylight Time),Tue Aug 11 2020 18:19:34 GMT-0700 (Pacific Daylight Time),3,1,0
Sat Aug 08 2020 16:50:01 GMT-0700 (Pacific Daylight Time),Fri Aug 14 2020 07:23:45 GMT-0700 (Pacific Daylight Time),5,4,0
Sat Aug 08 2020 01:46:31 GMT-0700 (Pacific Daylight Time),Wed Aug 12 2020 17:20:40 GMT-0700 (Pacific Daylight Time),5,3,2
Sat Aug 08 2020 10:52:28 GMT-0700 (Pacific Daylight Time),Fri Aug 14 2020 09:42:03 GMT-0700 (Pacific Daylight Time),5,1,2
Sat Aug 08 2020 02:49:17 GMT-0700 (Pacific Daylight Time),Tue Aug 11 2020 11:57:48 GMT-0700 (Pacific Daylight Time),2,3,2
Sun Aug 09 2020 03:56:06 GMT-0700 (Pacific Daylight Time),Thu Aug 13 2020 02:51:06 GMT-0700 (Pacific Daylight Time),1,4,1
Fri Aug 07 2020 20:03:37 GMT-0700 (Pacific Daylight Time),Mon Aug 10 2020 13:41:49 GMT-0700 (Pacific Daylight Time),3,4,0
Fri Aug 07 2020 21:01:27 GMT-0700 (Pacific Daylight Time),Mon Aug 10 2020 18:28:50 GMT-0700 (Pacific Daylight Time),3,4,1
Sat Aug 08 2020 21:09:22 GMT-0700 (Pacific Daylight Time),Tue Aug 11 2020 13:24:37 GMT-0700 (Pacific Daylight Time),1,4,1
Sun Aug 09 2020 16:18:30 GMT-0700 (Pacific Daylight Time),Thu Aug 13 2020 01:37:37 GMT-0700 (Pacific Daylight Time),1,1,2
Sat Aug 08 2020 04:06:25 GMT-0700 (Pacific Daylight Time),Thu Aug 13 2020 11:44:08 GMT-0700 (Pacific Daylight Time),3,1,1
Sat Aug 08 2020 17:41:32 GMT-0700 (Pacific Daylight Time),Tue Aug 11 2020 01:52:10 GMT-0700 (Pacific Daylight Time),1,2,0
Fri Aug 07 2020 17:32:58 GMT-0700 (Pacific Daylight Time),Wed Aug 12 2020 10:16:25 GMT-0700 (Pacific Daylight Time),6,3,2
Sat Aug 08 2020 18:12:41 GMT-0700 (Pacific Daylight Time),Thu Aug 13 2020 16:06:39 GMT-0700 (Pacific Daylight Time),3,3,2
Sat Aug 08 2020 09:12:05 GMT-0700 (Pacific Daylight Time),Mon Aug 10 2020 21:03:44 GMT-0700 (Pacific Daylight Time),2,2,0
Fri Aug 07 2020 20:55:15 GMT-0700 (Pacific Daylight Time),Tue Aug 11 2020 14:56:21 GMT-0700 (Pacific Daylight Time),3,4,2
Fri Aug 07 2020 17:09:06 GMT-0700 (Pacific Daylight Time),Thu Aug 13 2020 00:21:12 GMT-0700 (Pacific Daylight Time),3,1,0
Fri Aug 07 2020 18:11:22 GMT-0700 (Pacific Daylight Time),Tue Aug 11 2020 13:51:37 GMT-0700 (Pacific Daylight Time),1,1,1
Sat Aug 08 2020 15:32:48 GMT-0700 (Pacific Daylight Time),Thu Aug 13 2020 08:54:20 GMT-0700 (Pacific Daylight Time),1,3,2
Sun Aug 09 2020 06:19:02 GMT-0700 (Pacific Daylight Time),Tue Aug 11 2020 16:35:23 GMT-0700 (Pacific Daylight Time),2,1,1
Sat Aug 08 2020 03:16:52 GMT-0700 (Pacific Daylight Time),Thu Aug 13 2020 15:42:59 GMT-0700 (Pacific Daylight Time),1,3,0
Sat Aug 08 2020 13:53:17 GMT-0700 (Pacific Daylight Time),Mon Aug 10 2020 09:17:56 GMT-0700 (Pacific Daylight Time),5,2,0
Fri Aug 07 2020 23:38:12 GMT-0700 (Pacific Daylight Time),Mon Aug 10 2020 00:01:01 GMT-0700 (Pacific Daylight Time),3,1,0
Sat Aug 08 2020 20:07:23 GMT-0700 (Pacific Daylight Time),Mon Aug 10 2020 21:15:29 GMT-0700 (Pacific Daylight Time),2,2,1
Sat Aug 08 2020 20:52:04 GMT-0700 (Pacific Daylight Time),Tue Aug 11 2020 12:12:44 GMT-0700 (Pacific Daylight Time),5,3,1
Sat Aug 08 2020 04:26:21 GMT-0700 (Pacific Daylight Time),Thu Aug 13 2020 03:30:29 GMT-0700 (Pacific Daylight Time),6,1,2
Sat Aug 08 2020 20:57:33 GMT-0700 (Pacific Daylight Time),Fri Aug 14 2020 13:39:42 GMT-0700 (Pacific Daylight Time),2,1,0
Sun Aug 09 2020 13:21:54 GMT-0700 (Pacific Daylight Time),Wed Aug 12 2020 11:19:04 GMT-0700 (Pacific Daylight Time),1,2,0
Fri Aug 07 2020 18:45:11 GMT-0700 (Pacific Daylight Time),Tue Aug 11 2020 06:59:12 GMT-0700 (Pacific Daylight Time),6,3,0
Sat Aug 08 2020 02:52:00 GMT-0700 (Pacific Daylight Time),Fri Aug 14 2020 13:21:32 GMT-0700 (Pacific Daylight Time),5,4,0
Sat Aug 08 2020 20:15:37 GMT-0700 (Pacific Daylight Time),Tue Aug 11 2020 04:17:25 GMT-0700 (Pacific Daylight Time),6,3,1
Sat Aug 08 2020 09:56:00 GMT-0700 (Pacific Daylight Time),Wed Aug 12 2020 23:09:58 GMT-0700 (Pacific Daylight Time),1,2,2
Sat Aug 08 2020 14:54:14 GMT-0700 (Pacific Daylight Time),Thu Aug 13 2020 19:54:17 GMT-0700 (Pacific Daylight Time),6,4,0
Sun Aug 09 2020 00:11:31 GMT-0700 (Pacific Daylight Time),Thu Aug 13 2020 23:49:46 GMT-0700 (Pacific Daylight Time),5,3,0
Sat Aug 08 2020 18:43:13 GMT-0700 (Pacific Daylight Time),Thu Aug 13 2020 10:39:00 GMT-0700 (Pacific Daylight Time),2,2,1
Sat Aug 08 2020 19:11:29 GMT-0700 (Pacific Daylight Time),Fri Aug 14 2020 11:37:55 GMT-0700 (Pacific Daylight Time),3,3,2
Fri Aug 07 2020 22:37:07 GMT-0700 (Pacific Daylight Time),Thu Aug 13 2020 09:07:38 GMT-0700 (Pacific Daylight Time),1,2,1
Fri Aug 07 2020 17:42:50 GMT-0700 (Pacific Daylight Time),Wed Aug 12 2020 10:12:30 GMT-0700 (Pacific Daylight Time),6,2,2
Sun Aug 09 2020 06:17:53 GMT-0700 (Pacific Daylight Time),Thu Aug 13 2020 19:44:49 GMT-0700 (Pacific Daylight Time),3,3,2
Sat Aug 08 2020 07:28:11 GMT-0700 (Pacific Daylight Time),Tue Aug 11 2020 02:39:34 GMT-0700 (Pacific Daylight Time),5,3,0
Sun Aug 09 2020 14:02:21 GMT-0700 (Pacific Daylight Time),Mon Aug 10 2020 20:58:31 GMT-0700 (Pacific Daylight Time),4,4,2
Sat Aug 08 2020 20:03:57 GMT-0700 (Pacific Daylight Time),Fri Aug 14 2020 02:26:19 GMT-0700 (Pacific Daylight Time),3,3,1
Sat Aug 08 2020 09:24:30 GMT-0700 (Pacific Daylight Time),Fri Aug 14 2020 02:04:33 GMT-0700 (Pacific Daylight Time),5,2,0
Sun Aug 09 2020 05:31:24 GMT-0700 (Pacific Daylight Time),Thu Aug 13 2020 22:56:14 GMT-0700 (Pacific Daylight Time),3,1,2
Fri Aug 07 2020 20:58:43 GMT-0700 (Pacific Daylight Time),Wed Aug 12 2020 20:05:02 GMT-0700 (Pacific Daylight Time),2,2,2
Sun Aug 09 2020 13:00:55 GMT-0700 (Pacific Daylight Time),Tue Aug 11 2020 19:27:52 GMT-0700 (Pacific Daylight Time),5,1,1
Fri Aug 07 2020 22:17:23 GMT-0700 (Pacific Daylight Time),Thu Aug 13 2020 13:47:26 GMT-0700 (Pacific Daylight Time),6,4,1
Sat Aug 08 2020 15:58:56 GMT-0700 (Pacific Daylight Time),Wed Aug 12 2020 03:13:31 GMT-0700 (Pacific Daylight Time),5,1,2
Fri Aug 07 2020 21:17:41 GMT-0700 (Pacific Daylight Time),Mon Aug 10 2020 09:15:42 GMT-0700 (Pacific Daylight Time),4,3,2
Sun Aug 09 2020 04:55:40 GMT-0700 (Pacific Daylight Time),Wed Aug 12 2020 06:07:27 GMT-0700 (Pacific Daylight Time),4,3,0
Sat Aug 08 2020 06:43:34 GMT-0700 (Pacific Daylight Time),Wed Aug 12 2020 12:42:17 GMT-0700 (Pacific Daylight Time),6,4,1
Sat Aug 08 2020 01:30:21 GMT-0700 (Pacific Daylight Time),Mon Aug 10 2020 00:55:11 GMT-0700 (Pacific Daylight Time),2,4,0
Sun Aug 09 2020 11:38:25 GMT-0700 (Pacific Daylight Time),Fri Aug 14 2020 04:03:16 GMT-0700 (Pacific Daylight Time),4,3,0
Sat Aug 08 2020 18:49:34 GMT-0700 (Pacific Daylight Time),Mon Aug 10 2020 00:03:18 GMT-0700 (Pacific Daylight Time),6,3,1
Sun Aug 09 2020 14:07:14 GMT-0700 (Pacific Daylight Time),Wed Aug 12 2020 17:27:36 GMT-0700 (Pacific Daylight Time),4,1,2
Sat Aug 08 2020 17:53:07 GMT-0700 (Pacific Daylight Time),Tue Aug 11 2020 19:44:41 GMT-0700 (Pacific Daylight Time),6,2,2
Sat Aug 08 2020 20:56:33 GMT-0700 (Pacific Daylight Time),Mon Aug 10 2020 22:19:05 GMT-0700 (Pacific Daylight Time),2,2,0
Fri Aug 07 2020 22:51:01 GMT-0700 (Pacific Daylight Time),Wed Aug 12 2020 02:16:19 GMT-0700 (Pacific Daylight Time),6,3,0
Fri Aug 07 2020 20:44:08 GMT-0700 (Pacific Daylight Time),Mon Aug 10 2020 21:10:55 GMT-0700 (Pacific Daylight Time),3,3,1
Sat Aug 08 2020 20:34:40 GMT-0700 (Pacific Daylight Time),Mon Aug 10 2020 02:19:46 GMT-0700 (Pacific Daylight Time),4,2,1
Sun Aug 09 2020 02:58:34 GMT-0700 (Pacific Daylight Time),Tue Aug 11 2020 12:54:46 GMT-0700 (Pacific Daylight Time),4,1,0
Sat Aug 08 2020 11:00:08 GMT-0700 (Pacific Daylight Time),Mon Aug 10 2020 18:45:36 GMT-0700 (Pacific Daylight Time),4,3,0
Sun Aug 09 2020 06:09:34 GMT-0700 (Pacific Daylight Time),Fri Aug 14 2020 13:51:24 GMT-0700 (Pacific Daylight Time),4,2,1
Sat Aug 08 2020 03:17:39 GMT-0700 (Pacific Daylight Time),Wed Aug 12 2020 10:08:06 GMT-0700 (Pacific Daylight Time),6,3,2
Sat Aug 08 2020 02:31:46 GMT-0700 (Pacific Daylight Time),Mon Aug 10 2020 09:39:15 GMT-0700 (Pacific Daylight Time),4,2,2
Sun Aug 09 2020 06:16:46 GMT-0700 (Pacific Daylight Time),Tue Aug 11 2020 00:13:01 GMT-0700 (Pacific Daylight Time),3,1,1
Sat Aug 08 2020 22:07:28 GMT-0700 (Pacific Daylight Time),Wed Aug 12 2020 08:59:19 GMT-0700 (Pacific Daylight Time),1,2,1
Sat Aug 08 2020 12:29:20 GMT-0700 (Pacific Daylight Time),Thu Aug 13 2020 00:08:12 GMT-0700 (Pacific Daylight Time),4,4,1
Sun Aug 09 2020 00:04:06 GMT-0700 (Pacific Daylight Time),Mon Aug 10 2020 16:06:07 GMT-0700 (Pacific Daylight Time),5,3,0
Fri Aug 07 2020 22:05:30 GMT-0700 (Pacific Daylight Time),Sun Aug 09 2020 18:56:58 GMT-0700 (Pacific Daylight Time),3,1,0
Sun Aug 09 2020 05:56:15 GMT-0700 (Pacific Daylight Time),Thu Aug 13 2020 17:00:13 GMT-0700 (Pacific Daylight Time),4,4,2
Sat Aug 08 2020 09:11:15 GMT-0700 (Pacific Daylight Time),Mon Aug 10 2020 03:05:21 GMT-0700 (Pacific Daylight Time),1,3,0
Sun Aug 09 2020 04:12:57 GMT-0700 (Pacific Daylight Time),Mon Aug 10 2020 13:53:17 GMT-0700 (Pacific Daylight Time),2,4,1
Sat Aug 08 2020 22:42:46 GMT-0700 (Pacific Daylight Time),Mon Aug 10 2020 11:41:24 GMT-0700 (Pacific Daylight Time),5,3,1
Sat Aug 08 2020 19:22:46 GMT-0700 (Pacific Daylight Time),Fri Aug 14 2020 00:22:33 GMT-0700 (Pacific Daylight Time),4,1,0
Sun Aug 09 2020 09:03:25 GMT-0700 (Pacific Daylight Time),Wed Aug 12 2020 18:05:31 GMT-0700 (Pacific Daylight Time),4,4,2
Sun Aug 09 2020 06:49:22 GMT-0700 (Pacific Daylight Time),Mon Aug 10 2020 06:32:13 GMT-0700 (Pacific Daylight Time),2,4,2
Sat Aug 08 2020 16:50:20 GMT-0700 (Pacific Daylight Time),Thu Aug 13 2020 10:59:10 GMT-0700 (Pacific Daylight Time),4,3,2
Fri Aug 07 2020 17:21:37 GMT-0700 (Pacific Daylight Time),Tue Aug 11 2020 07:16:15 GMT-0700 (Pacific Daylight Time),5,3,2
Sun Aug 09 2020 02:28:11 GMT-0700 (Pacific Daylight Time),Fri Aug 14 2020 07:23:02 GMT-0700 (Pacific Daylight Time),5,1,1
Sat Aug 08 2020 05:01:43 GMT-0700 (Pacific Daylight Time),Mon Aug 10 2020 10:33:02 GMT-0700 (Pacific Daylight Time),4,4,2
Sun Aug 09 2020 09:14:07 GMT-0700 (Pacific Daylight Time),Tue Aug 11 2020 10:56:06 GMT-0700 (Pacific Daylight Time),2,2,2
Sun Aug 09 2020 07:45:31 GMT-0700 (Pacific Daylight Time),Mon Aug 10 2020 09:20:56 GMT-0700 (Pacific Daylight Time),6,4,2
Sat Aug 08 2020 23:48:33 GMT-0700 (Pacific Daylight Time),Thu Aug 13 2020 19:08:04 GMT-0700 (Pacific Daylight Time),3,1,0
Sun Aug 09 2020 13:12:53 GMT-0700 (Pacific Daylight Time),Sun Aug 09 2020 20:00:51 GMT-0700 (Pacific Daylight Time),4,1,1
Sat Aug 08 2020 18:40:09 GMT-0700 (Pacific Daylight Time),Fri Aug 14 2020 06:42:47 GMT-0700 (Pacific Daylight Time),2,4,0
Sat Aug 08 2020 00:26:26 GMT-0700 (Pacific Daylight Time),Mon Aug 10 2020 22:18:12 GMT-0700 (Pacific Daylight Time),3,2,2
Sat Aug 08 2020 04:56:36 GMT-0700 (Pacific Daylight Time),Wed Aug 12 2020 20:50:43 GMT-0700 (Pacific Daylight Time),1,4,2
Fri Aug 07 2020 17:19:19 GMT-0700 (Pacific Daylight Time),Wed Aug 12 2020 14:27:54 GMT-0700 (Pacific Daylight Time),5,3,2
Sat Aug 08 2020 13:08:25 GMT-0700 (Pacific Daylight Time),Fri Aug 14 2020 03:39:52 GMT-0700 (Pacific Daylight Time),3,2,1
Sat Aug 08 2020 15:16:04 GMT-0700 (Pacific Daylight Time),Wed Aug 12 2020 23:14:44 GMT-0700 (Pacific Daylight Time),4,1,1
Fri Aug 07 2020 20:45:44 GMT-0700 (Pacific Daylight Time),Tue Aug 11 2020 07:40:00 GMT-0700 (Pacific Daylight Time),5,2,2
Sun Aug 09 2020 11:18:19 GMT-0700 (Pacific Daylight Time),Thu Aug 13 2020 21:41:28 GMT-0700 (Pacific Daylight Time),3,3,0
Sun Aug 09 2020 07:50:50 GMT-0700 (Pacific Daylight Time),Fri Aug 14 2020 15:54:28 GMT-0700 (Pacific Daylight Time),4,4,0
Sat Aug 08 2020 19:31:58 GMT-0700 (Pacific Daylight Time),Wed Aug 12 2020 20:17:28 GMT-0700 (Pacific Daylight Time),5,2,1
Fri Aug 07 2020 22:49:58 GMT-0700 (Pacific Daylight Time),Thu Aug 13 2020 20:28:20 GMT-0700 (Pacific Daylight Time),1,1,0
Sat Aug 08 2020 05:51:59 GMT-0700 (Pacific Daylight Time),Tue Aug 11 2020 12:05:19 GMT-0700 (Pacific Daylight Time),1,3,2
Sun Aug 09 2020 07:27:28 GMT-0700 (Pacific Daylight Time),Thu Aug 13 2020 14:25:12 GMT-0700 (Pacific Daylight Time),4,4,2
Sun Aug 09 2020 13:52:09 GMT-0700 (Pacific Daylight Time),Sun Aug 09 2020 18:41:52 GMT-0700 (Pacific Daylight Time),6,1,0
Sun Aug 09 2020 07:14:11 GMT-0700 (Pacific Daylight Time),Thu Aug 13 2020 10:11:20 GMT-0700 (Pacific Daylight Time),1,1,2
Sun Aug 09 2020 03:14:14 GMT-0700 (Pacific Daylight Time),Sun Aug 09 2020 21:14:23 GMT-0700 (Pacific Daylight Time),6,3,1
Fri Aug 07 2020 19:12:26 GMT-0700 (Pacific Daylight Time),Tue Aug 11 2020 16:16:04 GMT-0700 (Pacific Daylight Time),4,2,1
Sun Aug 09 2020 11:28:33 GMT-0700 (Pacific Daylight Time),Thu Aug 13 2020 03:37:03 GMT-0700 (Pacific Daylight Time),5,3,2
Sun Aug 09 2020 12:54:57 GMT-0700 (Pacific Daylight Time),Mon Aug 10 2020 05:05:17 GMT-0700 (Pacific Daylight Time),4,2,1
Sun Aug 09 2020 08:44:30 GMT-0700 (Pacific Daylight Time),Thu Aug 13 2020 21:33:31 GMT-0700 (Pacific Daylight Time),5,1,1
Sat Aug 08 2020 06:30:24 GMT-0700 (Pacific Daylight Time),Wed Aug 12 2020 17:53:12 GMT-0700 (Pacific Daylight Time),1,4,2
Sat Aug 08 2020 18:44:27 GMT-0700 (Pacific Daylight Time),Thu Aug 13 2020 16:35:13 GMT-0700 (Pacific Daylight Time),2,1,2
